# code	name	aliases (| separated). From pycountry (ISO 3166) + Reelarr's own.
AD	Andorra	AD|AND|Andorra|Principality of Andorra
AE	United Arab Emirates	AE|ARE|United Arab Emirates
AF	Afghanistan	AF|AFG|Afghanistan|Islamic Republic of Afghanistan
AG	Antigua and Barbuda	AG|ATG|Antigua and Barbuda
AI	Anguilla	AI|AIA|Anguilla
AL	Albania	AL|ALB|Albania|Republic of Albania
AM	Armenia	AM|ARM|Armenia|Republic of Armenia
AO	Angola	AGO|AO|Angola|Republic of Angola
AQ	Antarctica	AQ|ATA|Antarctica
AR	Argentina	AR|ARG|Argentina|Argentine Republic
AS	American Samoa	AS|ASM|American Samoa
AT	Austria	AT|AUT|Austria|Osterreich|Republic of Austria|Österreich
AU	Australia	AU|AUS|Australia|Oz
AW	Aruba	ABW|AW|Aruba
AX	Åland Islands	ALA|AX|Åland Islands
AZ	Azerbaijan	AZ|AZE|Azerbaijan|Republic of Azerbaijan
BA	Bosnia and Herzegovina	BA|BIH|Bosnia and Herzegovina|Republic of Bosnia and Herzegovina
BB	Barbados	BB|BRB|Barbados
BD	Bangladesh	BD|BGD|Bangladesh|People's Republic of Bangladesh
BE	Belgium	BE|BEL|Belgie|Belgique|Belgium|België|Kingdom of Belgium
BF	Burkina Faso	BF|BFA|Burkina Faso
BG	Bulgaria	BG|BGR|Bulgaria|Republic of Bulgaria
BH	Bahrain	BH|BHR|Bahrain|Kingdom of Bahrain
BI	Burundi	BDI|BI|Burundi|Republic of Burundi
BJ	Benin	BEN|BJ|Benin|Republic of Benin
BL	Saint Barthélemy	BL|BLM|Saint Barthélemy
BM	Bermuda	BM|BMU|Bermuda
BN	Brunei	BN|BRN|Brunei|Brunei Darussalam
BO	Bolivia	BO|BOL|Bolivia|Bolivia, Plurinational State of|Plurinational State of Bolivia
BQ	Bonaire, Sint Eustatius and Saba	BES|BQ|Bonaire, Sint Eustatius and Saba
BR	Brazil	BR|BRA|Brasil|Brazil|Federative Republic of Brazil
BS	Bahamas	BHS|BS|Bahamas|Commonwealth of the Bahamas
BT	Bhutan	BT|BTN|Bhutan|Kingdom of Bhutan
BV	Bouvet Island	BV|BVT|Bouvet Island
BW	Botswana	BW|BWA|Botswana|Republic of Botswana
BY	Belarus	BLR|BY|Belarus|Republic of Belarus
BZ	Belize	BLZ|BZ|Belize
CA	Canada	CA|CAN|Canada
CC	Cocos (Keeling) Islands	CC|CCK|Cocos (Keeling) Islands
CD	Democratic Republic of the Congo	CD|COD|Congo, The Democratic Republic of the|Democratic Republic of the Congo
CF	Central African Republic	CAF|CF|Central African Republic
CG	Republic of the Congo	CG|COG|Congo|Republic of the Congo
CH	Switzerland	CH|CHE|SUI|Schweiz|Suisse|Svizzera|Swiss Confederation|Switzerland
CI	Ivory Coast	CI|CIV|Côte d'Ivoire|Ivory Coast|Republic of Côte d'Ivoire
CK	Cook Islands	CK|COK|Cook Islands
CL	Chile	CHL|CL|Chile|Republic of Chile
CM	Cameroon	CM|CMR|Cameroon|Republic of Cameroon
CN	China	CHN|CN|China|People's Republic of China
CO	Colombia	CO|COL|Colombia|Republic of Colombia
CR	Costa Rica	CR|CRI|Costa Rica|Republic of Costa Rica
CU	Cuba	CU|CUB|Cuba|Republic of Cuba
CV	Cape Verde	CPV|CV|Cabo Verde|Cape Verde|Republic of Cabo Verde
CW	Curaçao	CUW|CW|Curaçao
CX	Christmas Island	CX|CXR|Christmas Island
CY	Cyprus	CY|CYP|Cyprus|Republic of Cyprus
CZ	Czech Republic	CZ|CZE|Czech Republic|Czechia|Czechoslovakia
DE	Germany	BRD|DE|DEU|Deutschland|East Germany|Federal Republic of Germany|GER|Germany|W. Germany|West Germany
DJ	Djibouti	DJ|DJI|Djibouti|Republic of Djibouti
DK	Denmark	DEN|DK|DNK|Danmark|Denmark|Kingdom of Denmark
DM	Dominica	Commonwealth of Dominica|DM|DMA|Dominica
DO	Dominican Republic	DO|DOM|Dominican Republic
DZ	Algeria	Algeria|DZ|DZA|People's Democratic Republic of Algeria
EC	Ecuador	EC|ECU|Ecuador|Republic of Ecuador
EE	Estonia	EE|EST|Estonia|Republic of Estonia
EG	Egypt	Arab Republic of Egypt|EG|EGY|Egypt
EH	Western Sahara	EH|ESH|Western Sahara
ER	Eritrea	ER|ERI|Eritrea|the State of Eritrea
ES	Spain	ES|ESP|Espana|España|Kingdom of Spain|Spain
ET	Ethiopia	ET|ETH|Ethiopia|Federal Democratic Republic of Ethiopia
FI	Finland	FI|FIN|Finland|Republic of Finland|Suomi
FJ	Fiji	FJ|FJI|Fiji|Republic of Fiji
FK	Falkland Islands (Malvinas)	FK|FLK|Falkland Islands (Malvinas)
FM	Micronesia	FM|FSM|Federated States of Micronesia|Micronesia|Micronesia, Federated States of
FO	Faroe Islands	FO|FRO|Faroe Islands
FR	France	FR|FRA|France|French Republic
GA	Gabon	GA|GAB|Gabon|Gabonese Republic
GB	United Kingdom	Britain|ENG|England|GB|GBR|Great Britain|N. Ireland|Northern Ireland|SCO|Scotland|U.K.|UK|United Kingdom|United Kingdom of Great Britain and Northern Ireland|Wales
GD	Grenada	GD|GRD|Grenada
GE	Georgia	GE|GEO|Georgia
GF	French Guiana	French Guiana|GF|GUF
GG	Guernsey	GG|GGY|Guernsey
GH	Ghana	GH|GHA|Ghana|Republic of Ghana
GI	Gibraltar	GI|GIB|Gibraltar
GL	Greenland	GL|GRL|Greenland
GM	Gambia	GM|GMB|Gambia|Republic of the Gambia
GN	Guinea	GIN|GN|Guinea|Republic of Guinea
GP	Guadeloupe	GLP|GP|Guadeloupe
GQ	Equatorial Guinea	Equatorial Guinea|GNQ|GQ|Republic of Equatorial Guinea
GR	Greece	GR|GRC|Greece|Hellas|Hellenic Republic
GS	South Georgia and the South Sandwich Islands	GS|SGS|South Georgia and the South Sandwich Islands
GT	Guatemala	GT|GTM|Guatemala|Republic of Guatemala
GU	Guam	GU|GUM|Guam
GW	Guinea-Bissau	GNB|GW|Guinea-Bissau|Republic of Guinea-Bissau
GY	Guyana	GUY|GY|Guyana|Republic of Guyana
HK	Hong Kong	HK|HKG|Hong Kong|Hong Kong Special Administrative Region of China
HM	Heard Island and McDonald Islands	HM|HMD|Heard Island and McDonald Islands
HN	Honduras	HN|HND|Honduras|Republic of Honduras
HR	Croatia	CRO|Croatia|HR|HRV|Hrvatska|Republic of Croatia
HT	Haiti	HT|HTI|Haiti|Republic of Haiti
HU	Hungary	HU|HUN|Hungary
ID	Indonesia	ID|IDN|Indonesia|Republic of Indonesia
IE	Ireland	Eire|IE|IRL|Ireland|Republic of Ireland|Éire
IL	Israel	IL|ISR|Israel|State of Israel
IM	Isle of Man	IM|IMN|Isle of Man
IN	India	IN|IND|India|Republic of India
IO	British Indian Ocean Territory	British Indian Ocean Territory|IO|IOT
IQ	Iraq	IQ|IRQ|Iraq|Republic of Iraq
IR	Iran	IR|IRN|Iran|Iran, Islamic Republic of|Islamic Republic of Iran
IS	Iceland	IS|ISL|Iceland|Republic of Iceland|Ísland
IT	Italy	IT|ITA|Italia|Italian Republic|Italy
JE	Jersey	JE|JEY|Jersey
JM	Jamaica	JAM|JM|Jamaica
JO	Jordan	Hashemite Kingdom of Jordan|JO|JOR|Jordan
JP	Japan	JP|JPN|Japan|Nihon|Nippon
KE	Kenya	KE|KEN|Kenya|Republic of Kenya
KG	Kyrgyzstan	KG|KGZ|Kyrgyz Republic|Kyrgyzstan
KH	Cambodia	Cambodia|KH|KHM|Kingdom of Cambodia
KI	Kiribati	KI|KIR|Kiribati|Republic of Kiribati
KM	Comoros	COM|Comoros|KM|Union of the Comoros
KN	Saint Kitts and Nevis	KN|KNA|Saint Kitts and Nevis
KP	North Korea	Democratic People's Republic of Korea|KP|Korea, Democratic People's Republic of|North Korea|PRK
KR	South Korea	KOR|KR|Korea|Korea, Republic of|South Korea
KW	Kuwait	KW|KWT|Kuwait|State of Kuwait
KY	Cayman Islands	CYM|Cayman Islands|KY
KZ	Kazakhstan	KAZ|KZ|Kazakhstan|Republic of Kazakhstan
LA	Laos	LA|LAO|Lao People's Democratic Republic|Laos
LB	Lebanon	LB|LBN|Lebanese Republic|Lebanon
LC	Saint Lucia	LC|LCA|Saint Lucia
LI	Liechtenstein	LI|LIE|Liechtenstein|Principality of Liechtenstein
LK	Sri Lanka	Democratic Socialist Republic of Sri Lanka|LK|LKA|Sri Lanka
LR	Liberia	LBR|LR|Liberia|Republic of Liberia
LS	Lesotho	Kingdom of Lesotho|LS|LSO|Lesotho
LT	Lithuania	LT|LTU|Lithuania|Republic of Lithuania
LU	Luxembourg	Grand Duchy of Luxembourg|LU|LUX|Luxembourg
LV	Latvia	LV|LVA|Latvia|Republic of Latvia
LY	Libya	LBY|LY|Libya
MA	Morocco	Kingdom of Morocco|MA|MAR|Morocco
MC	Monaco	MC|MCO|Monaco|Principality of Monaco
MD	Moldova	MD|MDA|Moldova|Moldova, Republic of|Republic of Moldova
ME	Montenegro	ME|MNE|Montenegro
MF	Saint Martin (French part)	MAF|MF|Saint Martin (French part)
MG	Madagascar	MDG|MG|Madagascar|Republic of Madagascar
MH	Marshall Islands	MH|MHL|Marshall Islands|Republic of the Marshall Islands
MK	North Macedonia	MK|MKD|North Macedonia|Republic of North Macedonia
ML	Mali	ML|MLI|Mali|Republic of Mali
MM	Myanmar	MM|MMR|Myanmar|Republic of Myanmar
MN	Mongolia	MN|MNG|Mongolia
MO	Macao	MAC|MO|Macao|Macao Special Administrative Region of China
MP	Northern Mariana Islands	Commonwealth of the Northern Mariana Islands|MNP|MP|Northern Mariana Islands
MQ	Martinique	MQ|MTQ|Martinique
MR	Mauritania	Islamic Republic of Mauritania|MR|MRT|Mauritania
MS	Montserrat	MS|MSR|Montserrat
MT	Malta	MLT|MT|Malta|Republic of Malta
MU	Mauritius	MU|MUS|Mauritius|Republic of Mauritius
MV	Maldives	MDV|MV|Maldives|Republic of Maldives
MW	Malawi	MW|MWI|Malawi|Republic of Malawi
MX	Mexico	MEX|MX|Mexico|Méjico|United Mexican States
MY	Malaysia	MY|MYS|Malaysia
MZ	Mozambique	MOZ|MZ|Mozambique|Republic of Mozambique
NA	Namibia	NA|NAM|Namibia|Republic of Namibia
NC	New Caledonia	NC|NCL|New Caledonia
NE	Niger	NE|NER|Niger|Republic of the Niger
NF	Norfolk Island	NF|NFK|Norfolk Island
NG	Nigeria	Federal Republic of Nigeria|NG|NGA|Nigeria
NI	Nicaragua	NI|NIC|Nicaragua|Republic of Nicaragua
NL	Netherlands	Holland|Kingdom of the Netherlands|NED|NL|NLD|Nederland|Netherlands|The Netherlands
NO	Norway	Kingdom of Norway|NO|NOR|Norge|Norway
NP	Nepal	Federal Democratic Republic of Nepal|NP|NPL|Nepal
NR	Nauru	NR|NRU|Nauru|Republic of Nauru
NU	Niue	NIU|NU|Niue
NZ	New Zealand	Aotearoa|NZ|NZL|New Zealand
OM	Oman	OM|OMN|Oman|Sultanate of Oman
PA	Panama	PA|PAN|Panama|Republic of Panama
PE	Peru	PE|PER|Peru|Republic of Peru
PF	French Polynesia	French Polynesia|PF|PYF
PG	Papua New Guinea	Independent State of Papua New Guinea|PG|PNG|Papua New Guinea
PH	Philippines	PH|PHL|Philippines|Republic of the Philippines
PK	Pakistan	Islamic Republic of Pakistan|PAK|PK|Pakistan
PL	Poland	PL|POL|Poland|Republic of Poland
PM	Saint Pierre and Miquelon	PM|SPM|Saint Pierre and Miquelon
PN	Pitcairn	PCN|PN|Pitcairn
PR	Puerto Rico	PR|PRI|Puerto Rico
PS	Palestine	PS|PSE|Palestine|Palestine, State of|the State of Palestine
PT	Portugal	POR|PRT|PT|Portugal|Portuguese Republic
PW	Palau	PLW|PW|Palau|Republic of Palau
PY	Paraguay	PRY|PY|Paraguay|Republic of Paraguay
QA	Qatar	QA|QAT|Qatar|State of Qatar
RE	Réunion	RE|REU|Réunion
RO	Romania	RO|ROU|Romania
RS	Serbia	RS|Republic of Serbia|SRB|Serbia
RU	Russia	RU|RUS|Russia|Russian Federation|Soviet Union|USSR
RW	Rwanda	RW|RWA|Rwanda|Rwandese Republic
SA	Saudi Arabia	Kingdom of Saudi Arabia|SA|SAU|Saudi Arabia
SB	Solomon Islands	SB|SLB|Solomon Islands
SC	Seychelles	Republic of Seychelles|SC|SYC|Seychelles
SD	Sudan	Republic of the Sudan|SD|SDN|Sudan
SE	Sweden	Kingdom of Sweden|SE|SWE|Sverige|Sweden
SG	Singapore	Republic of Singapore|SG|SGP|Singapore
SH	Saint Helena, Ascension and Tristan da Cunha	SH|SHN|Saint Helena, Ascension and Tristan da Cunha
SI	Slovenia	Republic of Slovenia|SI|SVN|Slovenia
SJ	Svalbard and Jan Mayen	SJ|SJM|Svalbard and Jan Mayen
SK	Slovakia	SK|SVK|Slovak Republic|Slovakia
SL	Sierra Leone	Republic of Sierra Leone|SL|SLE|Sierra Leone
SM	San Marino	Republic of San Marino|SM|SMR|San Marino
SN	Senegal	Republic of Senegal|SEN|SN|Senegal
SO	Somalia	Federal Republic of Somalia|SO|SOM|Somalia
SR	Suriname	Republic of Suriname|SR|SUR|Suriname
SS	South Sudan	Republic of South Sudan|SS|SSD|South Sudan
ST	Sao Tome and Principe	Democratic Republic of Sao Tome and Principe|ST|STP|Sao Tome and Principe
SV	El Salvador	El Salvador|Republic of El Salvador|SLV|SV
SX	Sint Maarten (Dutch part)	SX|SXM|Sint Maarten (Dutch part)
SY	Syria	SY|SYR|Syria|Syrian Arab Republic
SZ	Eswatini	Eswatini|Kingdom of Eswatini|SWZ|SZ
TC	Turks and Caicos Islands	TC|TCA|Turks and Caicos Islands
TD	Chad	Chad|Republic of Chad|TCD|TD
TF	French Southern Territories	ATF|French Southern Territories|TF
TG	Togo	TG|TGO|Togo|Togolese Republic
TH	Thailand	Kingdom of Thailand|TH|THA|Thailand
TJ	Tajikistan	Republic of Tajikistan|TJ|TJK|Tajikistan
TK	Tokelau	TK|TKL|Tokelau
TL	Timor-Leste	Democratic Republic of Timor-Leste|TL|TLS|Timor-Leste
TM	Turkmenistan	TKM|TM|Turkmenistan
TN	Tunisia	Republic of Tunisia|TN|TUN|Tunisia
TO	Tonga	Kingdom of Tonga|TO|TON|Tonga
TR	Turkey	Republic of Türkiye|TR|TUR|Turkey|Türkiye
TT	Trinidad and Tobago	Republic of Trinidad and Tobago|TT|TTO|Trinidad and Tobago
TV	Tuvalu	TUV|TV|Tuvalu
TW	Taiwan	TW|TWN|Taiwan|Taiwan, Province of China
TZ	Tanzania	TZ|TZA|Tanzania|Tanzania, United Republic of|United Republic of Tanzania
UA	Ukraine	UA|UKR|Ukraine
UG	Uganda	Republic of Uganda|UG|UGA|Uganda
UM	United States Minor Outlying Islands	UM|UMI|United States Minor Outlying Islands
US	United States	US|USA|United States|United States of America
UY	Uruguay	Eastern Republic of Uruguay|URY|UY|Uruguay
UZ	Uzbekistan	Republic of Uzbekistan|UZ|UZB|Uzbekistan
VA	Vatican City	Holy See (Vatican City State)|VA|VAT|Vatican City
VC	Saint Vincent and the Grenadines	Saint Vincent and the Grenadines|VC|VCT
VE	Venezuela	Bolivarian Republic of Venezuela|VE|VEN|Venezuela|Venezuela, Bolivarian Republic of
VG	Virgin Islands, British	British Virgin Islands|VG|VGB|Virgin Islands, British
VI	Virgin Islands, U.S.	VI|VIR|Virgin Islands of the United States|Virgin Islands, U.S.
VN	Vietnam	Socialist Republic of Viet Nam|VN|VNM|Viet Nam|Vietnam
VU	Vanuatu	Republic of Vanuatu|VU|VUT|Vanuatu
WF	Wallis and Futuna	WF|WLF|Wallis and Futuna
WS	Samoa	Independent State of Samoa|Samoa|WS|WSM
YE	Yemen	Republic of Yemen|YE|YEM|Yemen
YT	Mayotte	MYT|Mayotte|YT
ZA	South Africa	Republic of South Africa|South Africa|ZA|ZAF
ZM	Zambia	Republic of Zambia|ZM|ZMB|Zambia
ZW	Zimbabwe	Republic of Zimbabwe|ZW|ZWE|Zimbabwe
